data_classification,contract_id,job_id,meter_id,service_date,service_type,status,completion_reference
Synthetic demonstration data,CTR-001,JOB-001,MTR-001,2026-08-01,standard_maintenance,completed,COMP-001
Synthetic demonstration data,CTR-001,JOB-002,MTR-002,2026-08-02,standard_maintenance,completed,COMP-002
Synthetic demonstration data,CTR-001,JOB-003,MTR-003,2026-08-03,standard_maintenance,completed,COMP-003
Synthetic demonstration data,CTR-001,JOB-004,MTR-004,2026-08-04,standard_maintenance,completed,COMP-004
Synthetic demonstration data,CTR-001,JOB-005,MTR-005,2026-08-05,standard_maintenance,completed,COMP-005
Synthetic demonstration data,CTR-001,JOB-006,MTR-006,2026-08-06,standard_maintenance,completed,COMP-006
Synthetic demonstration data,CTR-001,JOB-007,MTR-007,2026-08-07,standard_maintenance,completed,COMP-007
Synthetic demonstration data,CTR-001,JOB-008,MTR-008,2026-08-08,standard_maintenance,completed,COMP-008
Synthetic demonstration data,CTR-001,JOB-009,MTR-009,2026-08-09,standard_maintenance,completed,COMP-009
Synthetic demonstration data,CTR-001,JOB-010,MTR-010,2026-08-10,standard_maintenance,completed,COMP-010
Synthetic demonstration data,CTR-001,JOB-011,MTR-011,2026-08-11,standard_maintenance,completed,COMP-011
Synthetic demonstration data,CTR-001,JOB-012,MTR-012,2026-08-12,standard_maintenance,completed,COMP-012
Synthetic demonstration data,CTR-001,JOB-013,MTR-013,2026-08-13,standard_maintenance,completed,COMP-013
Synthetic demonstration data,CTR-001,JOB-014,MTR-014,2026-08-14,standard_maintenance,completed,COMP-014
Synthetic demonstration data,CTR-001,JOB-015,MTR-015,2026-08-15,standard_maintenance,completed,COMP-015
Synthetic demonstration data,CTR-001,JOB-016,MTR-016,2026-08-16,standard_maintenance,completed,COMP-016
Synthetic demonstration data,CTR-001,JOB-017,MTR-017,2026-08-17,standard_maintenance,completed,COMP-017
Synthetic demonstration data,CTR-001,JOB-018,MTR-018,2026-08-18,standard_maintenance,completed,COMP-018
Synthetic demonstration data,CTR-001,JOB-019,MTR-019,2026-08-19,standard_maintenance,completed,COMP-019
Synthetic demonstration data,CTR-001,JOB-020,MTR-020,2026-08-20,standard_maintenance,completed,COMP-020
Synthetic demonstration data,CTR-001,JOB-021,MTR-021,2026-08-21,standard_maintenance,completed,COMP-021
Synthetic demonstration data,CTR-001,JOB-022,MTR-022,2026-08-22,standard_maintenance,completed,COMP-022
Synthetic demonstration data,CTR-001,JOB-023,MTR-023,2026-08-23,standard_maintenance,completed,COMP-023
Synthetic demonstration data,CTR-001,JOB-024,MTR-024,2026-08-24,standard_maintenance,completed,COMP-024
Synthetic demonstration data,CTR-001,JOB-025,MTR-025,2026-08-25,standard_maintenance,completed,COMP-025
Synthetic demonstration data,CTR-001,JOB-026,MTR-026,2026-08-26,standard_maintenance,completed,COMP-026
Synthetic demonstration data,CTR-001,JOB-027,MTR-027,2026-08-27,standard_maintenance,completed,COMP-027
Synthetic demonstration data,CTR-001,JOB-028,MTR-028,2026-08-28,standard_maintenance,completed,COMP-028
Synthetic demonstration data,CTR-001,JOB-029,MTR-029,2026-08-01,standard_maintenance,completed,COMP-029
Synthetic demonstration data,CTR-001,JOB-030,MTR-030,2026-08-02,standard_maintenance,completed,COMP-030
Synthetic demonstration data,CTR-001,JOB-031,MTR-031,2026-08-03,standard_maintenance,completed,COMP-031
Synthetic demonstration data,CTR-001,JOB-032,MTR-032,2026-08-04,standard_maintenance,completed,COMP-032
Synthetic demonstration data,CTR-001,JOB-033,MTR-033,2026-08-05,standard_maintenance,completed,COMP-033
Synthetic demonstration data,CTR-001,JOB-034,MTR-034,2026-08-06,standard_maintenance,completed,COMP-034
Synthetic demonstration data,CTR-001,JOB-035,MTR-035,2026-08-07,standard_maintenance,completed,COMP-035
Synthetic demonstration data,CTR-001,JOB-036,MTR-036,2026-08-08,standard_maintenance,completed,COMP-036
Synthetic demonstration data,CTR-001,JOB-037,MTR-037,2026-08-09,standard_maintenance,completed,COMP-037
Synthetic demonstration data,CTR-001,JOB-038,MTR-038,2026-08-10,standard_maintenance,completed,COMP-038
Synthetic demonstration data,CTR-001,JOB-039,MTR-039,2026-08-11,standard_maintenance,completed,COMP-039
Synthetic demonstration data,CTR-001,JOB-040,MTR-040,2026-08-12,standard_maintenance,completed,COMP-040
Synthetic demonstration data,CTR-001,JOB-041,MTR-041,2026-08-13,standard_maintenance,completed,COMP-041
Synthetic demonstration data,CTR-001,JOB-042,MTR-042,2026-08-14,standard_maintenance,completed,COMP-042
Synthetic demonstration data,CTR-001,JOB-043,MTR-043,2026-08-15,standard_maintenance,completed,COMP-043
Synthetic demonstration data,CTR-001,JOB-044,MTR-044,2026-08-16,standard_maintenance,completed,COMP-044
Synthetic demonstration data,CTR-001,JOB-045,MTR-045,2026-08-17,standard_maintenance,completed,COMP-045
Synthetic demonstration data,CTR-001,JOB-046,MTR-046,2026-08-18,standard_maintenance,completed,COMP-046
Synthetic demonstration data,CTR-001,JOB-047,MTR-047,2026-08-19,standard_maintenance,completed,COMP-047
Synthetic demonstration data,CTR-001,JOB-048,MTR-048,2026-08-20,standard_maintenance,completed,COMP-048
Synthetic demonstration data,CTR-001,JOB-049,MTR-049,2026-08-21,standard_maintenance,completed,COMP-049
Synthetic demonstration data,CTR-001,JOB-050,MTR-050,2026-08-22,standard_maintenance,completed,COMP-050
Synthetic demonstration data,CTR-001,JOB-051,MTR-051,2026-08-23,standard_maintenance,completed,COMP-051
Synthetic demonstration data,CTR-001,JOB-052,MTR-052,2026-08-24,standard_maintenance,completed,COMP-052
Synthetic demonstration data,CTR-001,JOB-053,MTR-053,2026-08-25,standard_maintenance,completed,COMP-053
Synthetic demonstration data,CTR-001,JOB-054,MTR-054,2026-08-26,standard_maintenance,completed,COMP-054
Synthetic demonstration data,CTR-001,JOB-055,MTR-055,2026-08-27,standard_maintenance,completed,COMP-055
Synthetic demonstration data,CTR-001,JOB-056,MTR-056,2026-08-28,standard_maintenance,completed,COMP-056
Synthetic demonstration data,CTR-001,JOB-057,MTR-057,2026-08-01,standard_maintenance,completed,COMP-057
Synthetic demonstration data,CTR-001,JOB-058,MTR-058,2026-08-02,standard_maintenance,completed,COMP-058
Synthetic demonstration data,CTR-001,JOB-059,MTR-059,2026-08-03,standard_maintenance,completed,COMP-059
Synthetic demonstration data,CTR-001,JOB-060,MTR-060,2026-08-04,standard_maintenance,completed,COMP-060
Synthetic demonstration data,CTR-001,JOB-061,MTR-061,2026-08-05,standard_maintenance,completed,COMP-061
Synthetic demonstration data,CTR-001,JOB-062,MTR-062,2026-08-06,standard_maintenance,completed,COMP-062
Synthetic demonstration data,CTR-001,JOB-063,MTR-063,2026-08-07,standard_maintenance,completed,COMP-063
Synthetic demonstration data,CTR-001,JOB-064,MTR-064,2026-08-08,standard_maintenance,completed,COMP-064
Synthetic demonstration data,CTR-001,JOB-065,MTR-065,2026-08-09,standard_maintenance,completed,COMP-065
Synthetic demonstration data,CTR-001,JOB-066,MTR-066,2026-08-10,standard_maintenance,completed,COMP-066
Synthetic demonstration data,CTR-001,JOB-067,MTR-067,2026-08-11,standard_maintenance,completed,COMP-067
Synthetic demonstration data,CTR-001,JOB-068,MTR-068,2026-08-12,standard_maintenance,completed,COMP-068
Synthetic demonstration data,CTR-001,JOB-069,MTR-069,2026-08-13,standard_maintenance,completed,COMP-069
Synthetic demonstration data,CTR-001,JOB-070,MTR-070,2026-08-14,standard_maintenance,completed,COMP-070
Synthetic demonstration data,CTR-001,JOB-071,MTR-071,2026-08-15,standard_maintenance,completed,COMP-071
Synthetic demonstration data,CTR-001,JOB-072,MTR-072,2026-08-16,standard_maintenance,completed,COMP-072
Synthetic demonstration data,CTR-001,JOB-073,MTR-073,2026-08-17,standard_maintenance,completed,COMP-073
Synthetic demonstration data,CTR-001,JOB-074,MTR-074,2026-08-18,standard_maintenance,completed,COMP-074
Synthetic demonstration data,CTR-001,JOB-075,MTR-075,2026-08-19,standard_maintenance,completed,COMP-075
Synthetic demonstration data,CTR-001,JOB-076,MTR-076,2026-08-20,standard_maintenance,completed,COMP-076
Synthetic demonstration data,CTR-001,JOB-077,MTR-077,2026-08-21,standard_maintenance,completed,COMP-077
Synthetic demonstration data,CTR-001,JOB-078,MTR-078,2026-08-22,standard_maintenance,completed,COMP-078
Synthetic demonstration data,CTR-001,JOB-079,MTR-079,2026-08-23,standard_maintenance,completed,COMP-079
Synthetic demonstration data,CTR-001,JOB-080,MTR-080,2026-08-24,standard_maintenance,completed,COMP-080
Synthetic demonstration data,CTR-001,JOB-081,MTR-081,2026-08-25,standard_maintenance,completed,COMP-081
Synthetic demonstration data,CTR-001,JOB-082,MTR-082,2026-08-26,standard_maintenance,completed,COMP-082
Synthetic demonstration data,CTR-001,JOB-083,MTR-083,2026-08-27,standard_maintenance,completed,COMP-083
Synthetic demonstration data,CTR-001,JOB-084,MTR-084,2026-08-28,standard_maintenance,completed,COMP-084
Synthetic demonstration data,CTR-001,JOB-085,MTR-085,2026-08-01,standard_maintenance,completed,COMP-085
Synthetic demonstration data,CTR-001,JOB-086,MTR-086,2026-08-02,standard_maintenance,completed,COMP-086
Synthetic demonstration data,CTR-001,JOB-087,MTR-087,2026-08-03,standard_maintenance,completed,COMP-087
Synthetic demonstration data,CTR-001,JOB-088,MTR-088,2026-08-04,standard_maintenance,completed,COMP-088
Synthetic demonstration data,CTR-001,JOB-089,MTR-089,2026-08-05,standard_maintenance,completed,COMP-089
Synthetic demonstration data,CTR-001,JOB-090,MTR-090,2026-08-06,standard_maintenance,completed,COMP-090
Synthetic demonstration data,CTR-001,JOB-091,MTR-091,2026-08-07,standard_maintenance,completed,COMP-091
Synthetic demonstration data,CTR-001,JOB-092,MTR-092,2026-08-08,standard_maintenance,completed,COMP-092
Synthetic demonstration data,CTR-001,JOB-093,MTR-093,2026-08-09,standard_maintenance,completed,COMP-093
Synthetic demonstration data,CTR-001,JOB-094,MTR-094,2026-08-10,standard_maintenance,completed,COMP-094
Synthetic demonstration data,CTR-001,JOB-095,MTR-095,2026-08-11,standard_maintenance,completed,COMP-095
Synthetic demonstration data,CTR-001,JOB-096,MTR-096,2026-08-12,standard_maintenance,completed,COMP-096
Synthetic demonstration data,CTR-001,JOB-097,MTR-097,2026-08-13,standard_maintenance,completed,COMP-097
Synthetic demonstration data,CTR-001,JOB-098,MTR-098,2026-08-14,standard_maintenance,completed,COMP-098
Synthetic demonstration data,CTR-001,JOB-099,MTR-099,2026-08-15,standard_maintenance,completed,COMP-099
Synthetic demonstration data,CTR-001,JOB-100,MTR-100,2026-08-16,standard_maintenance,completed,COMP-100
Synthetic demonstration data,CTR-001,JOB-101,MTR-101,2026-08-17,standard_maintenance,cancelled,
Synthetic demonstration data,CTR-001,JOB-102,MTR-102,2026-08-18,standard_maintenance,cancelled,
Synthetic demonstration data,CTR-001,JOB-103,MTR-103,2026-08-19,standard_maintenance,cancelled,
Synthetic demonstration data,CTR-001,JOB-104,MTR-104,2026-08-20,standard_maintenance,cancelled,
Synthetic demonstration data,CTR-001,JOB-105,MTR-105,2026-08-21,standard_maintenance,cancelled,
Synthetic demonstration data,CTR-001,JOB-106,MTR-106,2026-08-22,standard_maintenance,incomplete,
Synthetic demonstration data,CTR-001,JOB-107,MTR-107,2026-08-23,standard_maintenance,incomplete,
Synthetic demonstration data,CTR-001,JOB-108,MTR-108,2026-08-24,standard_maintenance,incomplete,
